{"rotation":{"x":0,"y":0,"z":0},"scale":{"x":1,"y":1,"z":1},"position":{"x":4140.470751212833,"y":0,"z":6069.549575691954}}